Number_of_Customers,Menu_Price,Marketing_Spend,Cuisine_Type,Average_Customer_Spending,Seating_Capacity,Promotions,Reviews,Monthly_Revenue
195,40.1,2993.97,Japanese,57.99,46,1,260.0,57286.84
216,59.56,529.66,Mexican,30.48,119,0,151.0,37539.15
45,54.95,358.41,American,22.18,140,0,200.0,10173.33
87,27.68,2012.48,Italian,45.26,20,0,390.0,20599.6
231,9.99,825.1,Mexican,31.22,188,0,465.0,28541.09
123,15.85,2420.66,Japanese,16.44,121,0,139.0,22595.0
205,25.36,2397.37,Mexican,52.93,111,1,,51503.08
43,26.72,2430.55,Mexican,31.48,195,1,155.0,13075.09
92,9.27,1693.0,Mexican,50.59,46,0,72.0,21214.66
62,9.02,939.06,American,35.37,162,1,492.0,14422.76
238,8.58,2076.93,American,48.17,32,0,284.0,54069.03
187,21.59,167.76,Mexican,38.21,185,0,30.0,37857.95
88,39.05,304.52,Japanese,32.62,119,1,494.0,20890.55
20,28.06,1421.1,American,36.83,30,1,209.0,12315.99
95,57.74,536.1,Italian,52.21,110,0,153.0,22997.21
270,16.03,72.49,Japanese,19.82,103,1,147.0,22729.75
26,19.89,977.49,Mexican,24.03,44,0,260.0,500.0
295,51.05,798.34,Mexican,45.22,30,1,343.0,64950.94
64,18.63,103.72,Mexican,14.42,133,0,460.0,7907.24
211,56.02,1551.49,Indian,34.98,139,0,338.0,33670.92
172,30.91,53.1,Japanese,24.08,123,0,376.0,15311.38
203,45.16,2074.45,Indian,29.78,47,1,77.0,36966.3
132,10.0,1549.31,Mexican,8.76,153,1,443.0,5786.12
271,16.48,512.04,Mexican,47.13,41,0,181.0,59228.9
209,48.49,656.56,American,34.76,142,0,489.0,27201.44
221,24.03,1777.39,American,18.55,59,1,123.0,17403.39
58,42.68,2947.85,American,28.52,151,0,25.0,1918.97
280,8.06,1050.08,Japanese,38.59,153,0,41.0,48621.36
157,21.33,2345.09,Italian,18.04,71,1,349.0,16352.9
215,9.33,778.81,American,19.8,190,1,363.0,23572.97
92,58.46,1016.5,Indian,42.29,66,0,17.0,26985.14
277,39.69,2606.18,Japanese,30.63,87,0,263.0,62467.23
212,38.29,809.29,Japanese,19.75,58,1,203.0,24087.63
112,37.81,2948.77,Japanese,45.01,27,0,117.0,29037.43
272,42.95,1097.61,Japanese,36.17,125,1,215.0,59999.24
91,56.04,2374.26,Italian,36.99,53,0,94.0,18458.94
299,35.92,2189.7,Italian,17.63,36,1,480.0,29241.1
30,19.04,2703.76,Indian,17.75,119,0,415.0,7616.43
253,9.63,2301.86,Indian,50.62,82,1,362.0,66352.9
171,24.16,860.08,Italian,39.18,184,1,375.0,37722.7
112,19.54,1385.7,Japanese,51.71,180,1,134.0,25853.86
267,16.57,2214.7,American,51.46,141,0,36.0,52149.8
244,54.51,571.64,Mexican,30.56,176,1,104.0,40521.61
169,26.0,2298.55,Mexican,8.06,99,0,116.0,15386.97
87,34.24,1859.95,Mexican,43.48,21,0,491.0,25027.69
239,22.63,1115.55,Indian,9.38,107,0,168.0,9567.64
39,31.47,1207.0,Mexican,15.18,66,0,275.0,5165.69
24,46.7,2867.98,Mexican,11.94,154,0,95.0,8618.76
295,54.79,1082.6,American,34.29,20,0,167.0,62883.44
53,52.41,2431.85,American,33.85,54,0,146.0,5782.6
143,48.63,2305.28,Indian,55.48,176,0,341.0,39519.05
205,20.58,1868.8,American,10.23,189,1,338.0,13236.4
249,26.95,2327.58,Indian,49.59,61,1,21.0,57818.11
150,49.19,2135.75,Japanese,42.81,127,1,333.0,44926.27
103,47.7,562.81,Japanese,19.3,129,1,366.0,5667.72
41,23.4,382.02,Indian,22.44,43,1,415.0,7647.68
139,24.82,2837.48,American,55.68,98,1,280.0,44004.91
87,57.43,1022.9,Indian,48.15,123,0,473.0,24980.63
223,33.71,292.09,Italian,32.09,37,0,225.0,40816.4
67,41.99,2441.02,American,19.79,86,1,18.0,500.0
292,57.7,2786.78,Japanese,23.74,133,1,480.0,47128.86
32,56.38,872.61,American,34.88,179,0,206.0,7929.5
127,16.24,1775.48,Japanese,28.1,97,0,330.0,19333.33
253,27.27,2371.95,Mexican,13.94,136,1,377.0,16367.74
130,57.12,586.35,Mexican,50.04,34,0,345.0,33351.85
162,43.94,549.34,American,43.44,40,0,231.0,32331.84
144,48.4,713.13,Japanese,28.64,46,1,,32135.22
296,50.6,2828.93,Japanese,32.53,172,1,325.0,54641.98
55,24.94,2578.99,Indian,42.08,152,0,223.0,11096.85
280,35.73,2944.08,Mexican,33.5,53,1,1.0,51049.09
270,58.31,2505.03,Italian,13.79,119,1,468.0,29918.35
74,46.26,1813.13,American,18.64,153,0,407.0,17344.14
63,29.76,1981.15,American,58.48,150,1,141.0,25837.83
235,20.61,1434.48,American,45.56,158,1,257.0,55822.6
59,11.94,2006.41,Mexican,19.82,176,0,238.0,4594.15
151,31.28,2204.66,American,19.15,67,1,427.0,15789.63
156,23.87,1998.05,Italian,48.05,24,1,3.0,29415.06
74,37.64,771.62,Mexican,24.0,195,0,95.0,10560.7
186,59.05,2288.64,Mexican,42.84,186,1,214.0,47872.79
218,11.37,835.62,Indian,19.83,158,0,479.0,20662.55
169,41.46,1891.46,Indian,14.86,73,1,172.0,13485.19
64,18.78,1983.85,Japanese,39.88,86,0,487.0,18837.82
155,15.72,992.24,Italian,45.47,112,1,210.0,39012.7
229,53.85,2551.46,American,15.32,151,0,442.0,26468.38
217,15.65,2388.64,American,25.13,84,1,197.0,35994.19
120,8.65,2774.11,Italian,59.52,24,1,421.0,36261.27
200,40.17,694.65,Italian,38.82,55,0,460.0,49442.17
189,59.21,1398.25,Indian,35.67,28,1,116.0,39965.56
49,45.38,198.88,Indian,28.02,71,1,267.0,9520.83
272,41.3,1588.35,Japanese,47.42,58,1,67.0,66838.69
210,55.23,1124.47,Indian,35.75,35,1,140.0,49054.53
234,41.64,2650.03,American,53.26,127,1,90.0,63757.91
246,37.04,2858.51,Italian,24.34,179,0,263.0,35863.96
32,36.91,2557.37,Indian,30.01,156,0,242.0,6511.9
154,51.66,2502.45,American,47.88,143,1,391.0,37804.11
126,30.15,1881.7,Italian,9.81,136,0,480.0,19957.17
130,27.55,2209.51,American,42.96,59,0,10.0,32356.81
254,18.78,795.42,Indian,27.74,82,0,474.0,33985.32
37,24.21,2295.15,Japanese,23.16,88,1,147.0,9683.41
25,31.23,1637.35,Indian,44.2,118,0,210.0,7781.06
69,8.93,319.45,American,39.97,139,0,323.0,10811.24
125,23.27,2483.38,Italian,52.79,96,0,245.0,40304.28
202,8.11,2187.47,American,24.34,162,1,294.0,28753.67
195,12.19,1946.0,Japanese,29.22,157,1,142.0,32228.09
107,26.06,2136.3,Mexican,58.87,178,0,231.0,32528.28
169,35.45,2301.54,Japanese,14.1,54,1,197.0,20117.57
280,23.32,554.11,Italian,27.87,80,1,299.0,45960.03
96,51.88,2230.07,Italian,24.62,37,0,130.0,16138.6
253,21.83,2196.83,American,27.57,53,0,73.0,35798.22
282,24.76,2692.42,Indian,36.37,36,0,476.0,51498.46
245,17.95,986.04,Indian,31.99,188,0,7.0,30623.62
105,28.55,1681.81,American,52.47,106,0,79.0,25685.79
178,16.14,654.7,Mexican,46.87,41,1,324.0,47663.74
267,19.01,753.82,Indian,26.86,145,0,288.0,43078.23
203,29.72,795.88,Italian,39.57,27,1,129.0,43841.03
141,11.85,1157.97,American,23.21,38,1,155.0,13275.17
96,54.42,103.2,American,26.03,47,0,472.0,20496.74
219,33.28,1838.58,Mexican,58.42,185,1,43.0,62008.02
105,27.88,844.83,Italian,25.44,30,0,72.0,9640.22
206,13.54,367.68,Indian,19.91,116,0,467.0,14289.48
250,38.9,2950.57,Japanese,8.02,52,1,49.0,8382.15
83,28.74,2064.94,Italian,33.56,86,0,409.0,23969.5
55,18.35,1674.19,Indian,24.05,149,0,493.0,7869.83
97,42.38,931.99,Indian,28.57,192,0,61.0,2273.39
137,32.88,1764.49,Japanese,50.86,155,0,278.0,30839.84
235,55.58,1844.59,Mexican,10.8,70,1,75.0,14699.29
181,53.29,748.83,Indian,39.28,25,1,108.0,45390.58
65,26.1,111.79,Italian,56.56,37,1,397.0,16211.22
136,28.94,179.21,Indian,59.98,115,0,162.0,35184.05
65,55.43,696.35,Italian,36.26,101,1,211.0,17545.39
62,58.16,859.8,Mexican,8.38,92,1,386.0,13696.64
115,49.12,2096.77,Mexican,24.25,99,0,2.0,13228.62
203,11.77,2632.37,Japanese,49.3,181,0,263.0,45731.06
250,10.13,398.93,Italian,26.07,49,1,184.0,28230.31
285,40.12,2507.76,American,56.59,182,1,264.0,88945.47
289,47.24,1264.18,American,18.32,130,0,12.0,34978.77
21,44.8,205.34,Italian,20.73,61,0,422.0,4017.12
228,48.57,2197.59,Japanese,8.35,43,1,194.0,14733.43
68,16.61,2859.1,American,44.2,196,0,168.0,21253.02
173,9.04,407.97,Mexican,53.95,175,1,206.0,43598.97
181,37.12,1840.92,Mexican,59.07,140,1,121.0,61026.31
275,54.39,525.51,Indian,13.76,41,1,27.0,35655.23
84,21.02,2299.76,Japanese,10.53,60,1,410.0,1233.45
286,17.71,884.57,Italian,31.64,34,0,112.0,42523.28
47,53.84,2409.73,Mexican,40.8,38,1,362.0,12878.82
176,25.69,796.85,Indian,24.46,30,1,470.0,19361.34
28,26.36,351.06,Japanese,52.41,69,1,305.0,7809.32
267,39.66,126.13,American,19.68,114,1,18.0,34373.2
120,21.94,1086.9,American,23.64,63,1,286.0,7890.41
274,56.79,617.21,American,23.4,76,0,116.0,38764.35
27,17.89,1129.79,Japanese,52.52,164,0,271.0,8907.21
261,9.13,1295.46,Italian,38.24,176,0,176.0,43231.46
163,31.32,820.09,American,15.33,24,1,74.0,13043.05
148,38.56,2591.52,Indian,45.01,186,1,90.0,29375.77
230,22.49,2087.23,Indian,27.8,87,1,158.0,34479.91
251,47.46,2454.58,American,15.32,131,0,169.0,27388.85
196,11.35,1667.09,American,39.17,54,0,115.0,34540.06
64,24.77,497.61,Indian,30.13,111,1,216.0,17198.66
29,31.34,2091.71,American,22.93,118,0,3.0,3763.48
196,57.33,2236.63,Italian,54.99,138,0,372.0,54239.98
147,14.98,1904.43,American,49.18,146,0,157.0,41409.15
25,15.58,2163.73,Japanese,34.54,149,1,253.0,8594.36
164,18.58,2708.53,Indian,48.34,198,1,141.0,45085.44
31,47.19,396.68,American,56.47,74,1,379.0,15917.89
180,23.38,835.4,Italian,49.2,111,0,154.0,39580.86
56,24.57,621.76,Indian,59.52,120,1,367.0,12760.12
89,37.33,1597.7,Indian,27.55,106,1,399.0,22775.7
113,29.65,1631.79,Mexican,49.1,64,0,54.0,17892.64
69,40.04,2420.33,Italian,25.71,83,0,367.0,8291.13
243,34.03,2449.25,Italian,25.89,69,1,299.0,44283.0
155,44.79,650.02,Italian,22.74,76,0,105.0,18095.2
112,59.31,2889.33,Mexican,43.86,90,0,471.0,30955.15
198,25.97,2202.72,Italian,23.61,126,1,131.0,22700.71
196,19.14,968.11,Italian,49.07,61,0,170.0,56272.59
67,15.61,811.36,Italian,25.16,89,0,189.0,8382.77
146,28.54,576.67,Italian,43.75,191,1,398.0,37759.64
231,55.57,2560.75,Mexican,14.19,79,0,405.0,18948.91
125,18.67,2453.39,Indian,40.45,86,0,74.0,27706.15
97,26.51,2334.42,Indian,14.71,173,1,367.0,12907.66
44,53.15,1135.69,Japanese,13.76,71,1,391.0,3665.5
87,53.5,1899.28,Italian,17.72,73,1,149.0,14852.74
69,39.97,2543.35,Indian,36.9,108,0,463.0,13239.74
53,47.28,1042.4,Italian,15.37,179,1,22.0,8192.81
88,53.14,149.61,American,55.39,125,1,422.0,24563.31
250,12.5,1180.64,Italian,51.86,59,0,421.0,57092.41
115,29.07,2119.05,Italian,48.55,29,0,82.0,21494.99
145,55.33,1342.13,American,38.23,125,0,70.0,32645.29
271,34.12,218.08,Mexican,52.78,179,0,32.0,68199.1
81,18.24,1896.19,Japanese,59.7,159,1,391.0,21535.08
98,32.51,2648.93,Italian,34.43,139,1,73.0,26715.6
96,49.54,249.5,Mexican,51.61,75,1,399.0,27653.75
142,57.94,2356.54,Italian,33.64,25,1,329.0,29073.5
28,51.41,327.51,Italian,59.24,113,0,482.0,5848.66
200,35.75,2884.68,Indian,47.4,170,1,189.0,54960.21
114,43.28,2461.24,Japanese,39.66,164,0,346.0,25335.29
227,14.51,2949.43,Indian,58.03,82,1,384.0,60913.39
204,58.16,2998.29,American,56.55,60,1,456.0,62761.63
201,41.02,1453.96,Japanese,46.24,150,0,275.0,50391.01
54,8.86,1953.8,Japanese,36.41,49,1,324.0,11175.15
288,52.99,734.23,Japanese,43.09,25,0,122.0,71939.53
280,14.7,2544.17,American,20.59,188,1,323.0,35636.48
64,33.6,905.7,Indian,18.84,64,0,117.0,17925.02
296,20.5,342.48,Mexican,12.29,42,1,338.0,19346.3
294,24.66,835.78,Mexican,49.89,130,1,240.0,74348.51
204,42.96,2038.39,Mexican,27.7,101,0,84.0,30698.89
169,8.6,2743.4,Indian,31.02,189,1,295.0,25299.0
141,35.15,2905.95,American,42.53,129,0,39.0,30468.35
38,19.04,528.53,Indian,9.85,134,1,104.0,1206.75
267,53.44,671.53,American,14.1,161,0,80.0,32163.24
25,24.9,1267.79,American,55.86,33,1,34.0,1435.49
153,25.92,1518.65,American,39.59,47,0,130.0,29903.1
177,29.35,444.35,Italian,10.29,164,0,222.0,15711.67
266,48.98,583.68,Japanese,36.46,44,0,123.0,57727.29
88,34.43,53.58,Japanese,39.2,199,0,118.0,17947.81
258,45.49,2261.48,Indian,21.33,153,1,142.0,37176.62
122,47.13,744.5,Mexican,47.97,184,0,227.0,30688.37
225,25.41,729.52,Indian,47.87,119,1,138.0,57585.02
108,19.12,2444.98,Italian,34.48,48,1,234.0,19053.05
111,33.23,50.72,Mexican,59.89,112,0,304.0,35579.59
36,38.04,2012.85,Italian,26.87,126,0,444.0,12810.53
153,9.2,2847.04,Japanese,35.68,54,1,38.0,37281.22
124,11.74,1348.48,Japanese,12.11,22,0,71.0,6924.04
113,43.21,1454.09,Japanese,17.2,183,0,351.0,17493.05
93,58.44,1755.96,Italian,12.45,179,0,125.0,11413.49
203,56.87,2013.49,Italian,40.46,141,0,209.0,47475.01
226,21.7,1327.91,American,39.49,148,0,456.0,41064.16
210,52.27,981.02,Mexican,36.27,122,0,122.0,42691.26
57,40.12,220.37,Indian,42.85,144,1,302.0,16667.13
261,42.64,1421.0,Mexican,13.15,97,1,379.0,25920.61
285,51.67,2448.1,Italian,8.22,121,0,23.0,20689.78
183,28.08,2899.07,Indian,13.06,146,0,169.0,21073.58
35,51.78,2567.11,Japanese,39.52,64,0,371.0,9366.54
180,50.54,1904.48,Mexican,30.51,135,1,9.0,32248.54
218,14.52,2743.18,Japanese,52.26,144,0,496.0,53146.4
232,38.17,2673.29,Indian,44.12,179,1,149.0,54462.99
53,30.67,2097.85,Japanese,25.35,64,0,298.0,4786.24
41,52.59,1814.78,Indian,29.08,187,1,372.0,10789.23
287,21.83,1934.98,Italian,28.72,60,1,110.0,43007.97
159,16.56,2057.98,Japanese,26.6,48,0,206.0,15546.34
56,24.52,2904.41,American,19.65,150,0,335.0,11415.73
257,58.29,314.93,Indian,35.5,184,1,173.0,53393.07
191,15.26,2273.83,Indian,20.05,127,1,405.0,14403.07
273,48.95,2524.2,Indian,43.53,30,1,123.0,66260.81
219,17.99,835.93,Mexican,8.39,131,0,169.0,8292.23
283,19.07,757.96,Italian,57.67,47,0,355.0,76298.59
146,53.0,322.22,Italian,41.6,64,0,214.0,27416.76
295,39.11,2523.26,Italian,26.23,33,1,410.0,44295.5
247,17.78,1518.1,Japanese,26.01,88,0,54.0,24197.28
53,19.39,2598.33,American,58.8,184,0,185.0,8224.35
284,36.94,932.03,Indian,57.31,59,1,386.0,85267.4
227,22.46,1597.32,Indian,47.81,106,0,208.0,48749.95
294,30.95,2135.25,American,11.88,36,0,491.0,30255.44
101,51.6,1463.0,Japanese,15.37,75,0,153.0,8230.62
123,33.15,1935.6,Mexican,14.37,168,1,14.0,12604.23
92,13.61,279.68,American,26.49,31,0,425.0,6024.22
172,35.67,477.98,American,9.46,124,0,1.0,18988.53
288,58.24,2998.74,Mexican,40.41,120,1,33.0,68087.68
197,49.89,1757.71,American,50.08,196,0,352.0,43665.47
246,50.09,545.31,American,30.27,92,0,62.0,43130.97
215,37.68,2351.12,Mexican,28.37,44,0,423.0,31262.67
144,55.27,1766.52,American,23.08,140,0,222.0,31238.74
116,44.53,837.23,Japanese,15.0,52,1,356.0,18399.21
238,13.06,2461.27,Japanese,43.33,110,1,357.0,47842.51
223,42.66,1153.98,Italian,25.81,35,0,147.0,36341.41
149,33.14,340.15,Italian,26.48,165,1,243.0,25206.05
231,19.1,2972.98,Italian,14.39,86,1,409.0,18362.86
63,8.08,813.26,American,19.68,45,1,207.0,4989.0
198,16.4,2429.91,American,52.86,158,1,496.0,50831.25
214,48.41,2891.2,Indian,51.56,89,1,,55941.14
131,20.14,2881.56,Mexican,15.97,137,0,485.0,13468.71
156,31.64,1422.81,Italian,29.53,23,0,397.0,22378.37
270,43.12,927.98,Japanese,51.81,175,1,435.0,75008.65
82,54.82,2697.44,Mexican,16.39,69,1,386.0,9027.18
104,30.68,1164.99,Mexican,27.34,42,0,105.0,11827.39
180,44.25,181.09,American,47.09,136,0,214.0,52242.65
274,46.33,274.86,Italian,54.55,134,1,392.0,81807.88
257,12.21,1753.0,Italian,58.78,134,1,116.0,76491.45
215,31.86,1749.93,Indian,19.4,191,0,71.0,36673.8
48,12.12,2217.12,Japanese,26.98,69,1,206.0,7292.48
201,48.74,1396.55,American,50.55,193,1,267.0,52223.82
99,25.44,595.14,Indian,43.26,80,1,461.0,14786.63
122,54.87,2026.66,American,44.53,142,0,494.0,22842.34
61,57.6,1986.32,Indian,13.61,61,1,90.0,10230.77
288,55.82,883.15,Mexican,13.7,56,0,275.0,23941.4
184,52.88,1482.51,Japanese,10.53,120,0,283.0,7513.65
217,52.51,768.79,American,28.7,197,0,471.0,36792.77
79,11.66,1451.09,Italian,17.72,32,1,341.0,7778.67
151,26.84,1634.8,Italian,32.32,184,1,495.0,34962.28
185,59.41,2079.64,American,29.11,74,0,394.0,25829.24
106,54.75,813.73,American,45.28,33,0,4.0,30265.09
194,56.36,513.49,American,54.67,31,0,86.0,43623.92
34,38.69,1622.1,Italian,46.95,120,1,212.0,15266.01
167,34.36,305.83,Indian,47.22,45,0,156.0,40363.1
198,11.68,2825.21,Japanese,49.56,54,1,118.0,43883.49
89,44.78,2308.31,Italian,31.21,171,0,44.0,21543.46
236,36.55,1424.59,Italian,59.19,132,1,79.0,73166.11
287,57.88,1791.29,Italian,24.88,43,0,50.0,47396.8
46,14.73,2848.54,American,23.62,90,1,351.0,6490.5
100,28.28,2706.05,American,25.42,140,1,183.0,19966.88
215,30.68,2390.47,Italian,25.95,44,0,246.0,33240.07
24,28.49,2231.39,Mexican,54.94,143,1,407.0,3090.33
124,11.41,1290.3,Mexican,46.81,194,0,243.0,22607.9
155,45.11,2714.19,Indian,56.31,77,1,327.0,43098.73
254,39.73,2587.85,Indian,43.4,45,0,85.0,59821.23
132,40.48,1559.08,American,15.12,183,1,295.0,17022.41
278,12.59,1830.04,Italian,25.33,168,0,15.0,34985.81
92,21.15,536.09,Mexican,24.76,167,1,213.0,11622.75
24,22.32,1689.9,Italian,45.88,34,0,449.0,3517.87
20,12.04,2108.17,Indian,58.67,137,1,315.0,8177.51
200,44.44,969.0,Indian,54.55,131,1,226.0,62408.61
133,20.68,1636.67,Italian,48.76,28,1,262.0,36829.31
40,36.23,2071.59,Indian,36.59,135,0,415.0,16165.39
144,45.8,323.19,Mexican,23.34,101,1,462.0,29871.27
51,17.9,1626.16,Mexican,26.68,143,0,439.0,5798.9
69,54.12,1642.01,Italian,32.23,154,0,207.0,25313.36
254,36.68,1680.86,Mexican,12.1,199,0,71.0,28280.49
170,23.06,1012.93,Japanese,24.2,179,1,35.0,24439.28
178,43.08,1027.71,Mexican,30.04,110,0,219.0,31523.84
134,53.96,520.41,Mexican,25.5,48,1,430.0,25109.33
182,12.24,337.78,Indian,28.04,23,1,49.0,23524.97
104,54.16,1331.0,Italian,24.79,40,1,287.0,14228.69
99,13.31,1566.48,Mexican,33.46,179,1,178.0,17311.16
20,43.51,2863.7,Japanese,45.81,116,0,311.0,4147.97
246,38.28,2064.32,Japanese,27.31,23,1,339.0,26519.32
183,56.13,839.06,American,31.37,39,0,121.0,36246.75
139,36.5,395.52,American,13.4,23,1,318.0,4299.33
138,54.1,1727.11,American,11.37,66,0,130.0,14756.06
176,35.08,363.05,Italian,41.15,52,1,198.0,37632.99
193,48.11,1143.93,Mexican,49.65,185,0,110.0,46184.16
234,47.0,2898.56,Italian,39.5,100,1,234.0,56250.5
107,59.75,1645.22,American,22.16,168,0,495.0,12328.3
263,17.65,2225.99,American,35.34,97,1,17.0,42648.25
31,21.71,2655.08,Italian,26.72,40,0,441.0,6656.61
113,31.73,733.76,American,14.42,48,0,478.0,11686.29
190,47.38,2997.13,Italian,28.75,154,1,199.0,30153.26
270,11.07,2126.75,Japanese,14.58,100,0,276.0,16839.81
186,25.02,1874.95,American,27.64,31,0,214.0,22902.27
110,52.42,633.85,Italian,53.91,160,0,152.0,32329.65
165,33.87,952.86,American,39.7,41,0,257.0,35202.03
164,29.18,615.79,Japanese,8.35,169,1,128.0,14864.98
91,59.71,435.63,Indian,49.76,129,0,,24008.52
138,56.99,502.72,Japanese,40.57,73,0,188.0,26983.13
76,34.38,1378.84,American,58.21,89,1,193.0,26478.19
265,10.52,1572.93,Mexican,50.53,35,0,472.0,73190.87
280,25.1,1137.21,Mexican,11.62,21,1,491.0,29288.03
274,56.52,1598.58,Mexican,40.44,78,0,91.0,55722.5
194,22.84,2587.05,Italian,35.51,84,1,224.0,40014.38
87,50.88,903.17,Japanese,50.75,93,0,120.0,22790.25
260,27.77,796.43,American,37.44,117,0,195.0,47566.34
235,41.95,874.87,Mexican,52.48,50,1,271.0,64584.04
192,25.7,1236.35,Indian,58.44,133,1,0.0,52665.84
51,12.75,2728.72,Japanese,46.09,127,1,74.0,5193.14
60,15.03,91.33,American,32.72,192,1,462.0,12573.39
142,43.31,2027.39,Mexican,34.99,48,1,221.0,23900.1
207,30.37,1806.16,Mexican,26.07,39,1,166.0,28141.43
275,26.71,569.31,American,20.8,181,0,290.0,29176.63
48,48.87,487.83,American,41.73,124,0,236.0,11387.52
27,35.01,2655.07,Japanese,39.33,152,0,262.0,4404.56
63,32.33,2560.55,American,33.77,71,0,,10616.75
153,54.27,111.38,Indian,28.23,154,0,492.0,24157.11
233,27.36,2140.03,American,52.48,161,0,498.0,59778.13
109,42.82,2473.28,Japanese,15.32,59,0,471.0,13983.9
200,13.03,2068.65,American,23.79,144,1,318.0,31795.2
109,33.23,2779.71,Italian,52.13,45,1,327.0,32983.49
41,27.58,1389.42,Japanese,22.17,125,1,63.0,3269.81
122,27.26,1913.78,Mexican,19.1,20,0,440.0,16326.2
127,56.76,2722.13,Indian,20.87,73,1,191.0,23247.91
185,44.41,740.85,Mexican,19.02,21,1,162.0,20809.67
88,11.34,773.14,Japanese,46.64,193,1,252.0,18296.15
170,51.71,503.15,Italian,15.36,189,1,133.0,9195.45
52,52.68,2779.56,American,28.09,47,0,468.0,16448.27
246,12.16,2835.65,Mexican,47.54,76,1,446.0,58449.45
30,28.99,795.55,Japanese,59.7,74,1,214.0,16394.67
183,16.23,933.68,Italian,28.06,125,0,41.0,17851.33
58,25.96,2380.95,American,10.9,183,1,443.0,500.0
132,8.03,2233.52,American,13.92,114,0,117.0,10704.7
20,40.01,412.21,Mexican,23.87,90,0,17.0,500.0
102,18.94,1639.76,Japanese,59.62,73,0,320.0,29703.13
282,50.68,1949.9,Indian,30.31,185,1,246.0,48350.18
278,57.63,554.91,American,18.92,139,0,68.0,39619.89
34,20.82,398.72,Indian,25.23,123,1,366.0,3917.03
194,57.19,648.42,Mexican,45.96,183,1,459.0,50471.49
97,44.77,193.83,Mexican,30.82,169,0,238.0,19248.29
189,49.18,882.64,Japanese,21.87,27,0,320.0,24279.82
174,40.62,1993.57,American,38.5,152,1,134.0,35483.73
123,43.87,2994.29,Japanese,25.82,121,1,389.0,26339.18
294,39.49,1673.28,Japanese,16.63,131,0,258.0,31041.74
43,44.03,1051.91,American,14.5,160,0,186.0,5787.17
203,17.33,1628.56,American,48.52,143,1,205.0,51523.04
227,37.42,103.35,American,46.27,179,1,31.0,56328.24
277,29.23,144.13,American,58.79,124,0,135.0,79308.68
123,8.4,817.72,Indian,46.98,111,1,100.0,37338.0
62,36.86,1105.9,Italian,32.8,145,1,190.0,17270.42
67,50.33,502.38,Italian,16.88,179,0,181.0,1741.25
104,11.56,2893.37,American,52.79,153,1,32.0,16557.85
220,25.76,2762.42,Japanese,29.95,93,0,37.0,29745.11
194,50.31,833.73,Indian,45.21,37,0,474.0,35517.29
47,17.01,96.83,Italian,16.78,171,1,365.0,500.0
226,42.34,728.36,American,49.53,61,1,155.0,55190.57
170,48.52,924.7,American,47.43,187,1,223.0,40082.91
136,25.72,1744.57,Indian,46.59,138,0,196.0,31733.54
109,13.01,1176.4,Mexican,8.45,197,1,255.0,8339.63
137,14.56,2382.4,Italian,53.93,54,1,180.0,47072.69
209,16.58,232.01,American,27.95,184,1,397.0,27236.51
50,44.31,552.11,Japanese,20.09,194,0,290.0,4335.6
126,59.94,483.94,American,19.1,54,1,468.0,19075.83
96,50.55,1341.1,Japanese,16.34,91,1,391.0,17618.99
269,41.91,2831.95,Indian,15.74,51,0,86.0,26763.74
268,33.91,2338.34,American,59.53,47,1,218.0,77753.98
108,53.87,,Indian,38.0,89,1,361.0,12061.21
175,51.82,1041.28,American,14.45,138,0,462.0,22943.63
37,32.97,2337.86,Japanese,42.54,168,1,423.0,8565.05
72,49.89,342.71,Italian,37.41,56,0,463.0,22866.4
24,49.09,1436.7,Japanese,50.52,102,0,22.0,15581.9
109,42.02,1260.85,Mexican,28.19,42,1,145.0,27522.89
241,15.31,488.09,Japanese,37.48,156,0,315.0,45074.87
121,20.19,726.1,Mexican,19.29,21,0,30.0,16576.54
274,22.52,1050.07,Japanese,34.14,127,1,19.0,42846.86
243,56.15,1773.33,Japanese,28.79,71,1,2.0,46247.94
78,50.58,1367.63,American,45.54,154,0,455.0,17570.17
23,43.63,1055.87,Mexican,48.6,70,0,345.0,11350.09
268,33.37,2364.74,Italian,30.13,141,1,436.0,43272.03
251,35.75,1382.73,American,12.19,159,1,21.0,20622.64
82,10.88,749.76,Indian,54.35,37,1,208.0,18222.27
20,36.1,795.46,Mexican,11.05,151,1,252.0,10906.62
140,12.26,1517.13,Indian,55.95,139,0,320.0,36520.11
99,36.39,2834.52,Italian,34.57,28,1,335.0,15114.62
265,32.53,1835.11,American,33.12,88,0,183.0,43306.63
120,41.69,2903.62,American,21.45,50,0,23.0,9373.3
64,16.84,292.53,Indian,55.0,179,0,289.0,22443.88
161,17.52,235.47,Japanese,44.04,57,0,272.0,39531.73
116,9.46,2009.03,Indian,47.23,60,0,397.0,26201.48
136,59.63,2195.52,Indian,51.69,72,0,436.0,39196.18
75,39.95,2506.24,Mexican,12.28,124,0,40.0,500.0
202,24.44,1287.47,Indian,49.67,143,0,121.0,55124.12
255,31.52,482.71,Mexican,28.04,47,0,178.0,37491.94
213,22.13,464.72,Mexican,10.77,59,0,84.0,23748.19
251,25.29,2470.85,Italian,30.59,193,1,143.0,38805.86
75,56.55,683.63,Mexican,48.03,199,0,87.0,21555.77
239,34.47,1133.84,American,42.81,35,1,12.0,58493.04
124,32.15,1524.38,Indian,26.57,170,1,228.0,23042.45
75,22.98,284.32,Indian,17.67,120,0,338.0,7347.84
61,41.88,2115.19,Japanese,51.52,119,0,277.0,21805.81
111,25.6,2437.91,Japanese,56.12,175,0,370.0,32178.22
237,13.8,2159.01,Indian,22.29,166,0,316.0,26377.38
169,18.99,2631.63,Mexican,20.29,58,1,5.0,14076.57
256,49.36,537.9,Indian,29.6,172,0,32.0,49223.34
222,31.82,1291.0,Indian,47.6,161,1,186.0,55605.96
57,59.37,1444.22,American,59.55,102,1,0.0,20997.65
197,35.28,2508.14,Indian,50.3,133,0,241.0,48721.01
230,28.37,170.53,Japanese,46.03,53,1,260.0,56951.1
293,30.14,799.34,American,12.25,33,1,391.0,22665.19
246,58.63,2766.53,Mexican,12.81,97,1,300.0,39150.01
97,48.59,1862.15,Japanese,17.93,153,1,21.0,21237.19
82,16.7,360.17,Japanese,42.79,162,1,70.0,21333.64
67,35.96,1630.21,American,21.8,133,1,46.0,10380.17
89,44.45,740.95,Japanese,40.35,190,1,74.0,23809.85
60,54.52,2593.34,Indian,50.13,41,1,35.0,13174.72
85,57.66,485.68,American,8.27,85,1,299.0,10549.49
52,53.99,1269.92,American,44.6,47,1,41.0,12865.27
200,47.11,1667.53,American,18.59,178,1,40.0,23131.25
219,55.22,167.8,Indian,29.3,98,0,344.0,34822.66
49,34.61,2398.21,Indian,40.43,96,0,350.0,7661.38
96,14.1,1567.81,Mexican,14.22,38,1,87.0,10198.76
20,29.15,1383.85,Mexican,45.48,137,0,320.0,5255.8
249,59.24,2713.27,Italian,26.54,89,0,93.0,37212.03
22,17.9,875.09,American,10.61,185,1,396.0,4031.19
298,52.38,2322.15,Italian,51.47,147,1,438.0,85502.85
139,33.31,475.85,American,24.07,82,1,142.0,19109.23
72,13.24,1146.0,Japanese,59.32,122,0,23.0,26731.56
286,56.79,1035.49,Indian,35.16,66,0,242.0,55752.49
156,11.11,1472.34,Italian,33.87,66,0,330.0,18756.24
139,49.5,556.5,Indian,11.22,138,0,152.0,13512.69
135,59.72,720.53,Italian,44.71,175,0,244.0,28507.63
132,26.2,757.95,American,39.39,106,0,157.0,29414.02
292,27.08,1706.01,American,24.86,93,0,123.0,40628.15
90,23.76,1459.26,Italian,22.2,28,0,427.0,9888.97
283,18.36,2599.72,Japanese,46.48,179,1,353.0,68831.87
36,44.4,2140.8,Mexican,8.8,59,1,472.0,1859.51
272,8.64,904.15,Mexican,19.81,144,1,291.0,25433.15
22,10.05,2532.12,Indian,26.22,124,1,55.0,500.0
152,17.74,2196.71,Mexican,21.37,93,1,160.0,8051.69
49,47.25,2948.94,Indian,52.01,84,1,60.0,12384.74
249,40.83,1878.29,Italian,26.78,119,0,125.0,45751.09
211,50.53,903.35,Indian,41.8,136,0,64.0,41348.4
212,49.46,2943.06,American,52.59,111,1,132.0,60248.78
233,10.21,1940.39,Italian,35.93,90,0,203.0,35587.53
127,56.48,1888.59,American,27.22,196,0,59.0,23327.75
259,48.16,1234.13,Mexican,10.53,70,0,53.0,18246.78
238,58.02,707.36,American,10.17,163,1,39.0,21970.04
241,14.7,817.8,American,22.39,56,0,412.0,28557.45
227,35.05,1551.82,American,26.11,190,0,36.0,29728.15
152,22.15,931.25,American,42.87,75,1,315.0,32783.9
169,27.97,1773.47,Italian,38.05,173,1,255.0,33471.52
258,48.2,2452.44,Indian,11.86,155,1,346.0,27518.26
175,30.38,93.58,Japanese,57.44,107,1,135.0,54568.39
105,40.32,1793.82,Mexican,17.53,87,1,218.0,16059.66
25,50.1,1555.49,Japanese,24.49,172,1,194.0,6789.54
193,33.83,486.81,Japanese,48.91,118,1,195.0,45267.85
293,15.69,327.16,American,34.72,28,0,442.0,46116.02
171,15.45,2466.24,Indian,51.99,108,1,153.0,46473.86
214,48.82,1904.24,American,28.68,105,1,479.0,37872.87
72,24.9,2836.64,Italian,29.5,68,1,262.0,16209.11
22,39.92,1774.41,Mexican,42.13,51,0,19.0,500.0
219,52.33,1739.73,Japanese,43.82,22,0,89.0,47115.85
121,41.86,1553.95,Italian,40.01,141,1,115.0,23254.14
91,48.16,1796.19,Japanese,22.51,199,1,302.0,15455.22
271,53.31,245.26,Mexican,47.72,123,0,101.0,64545.25
208,27.09,1195.59,Italian,52.4,110,0,479.0,48259.06
253,12.47,347.65,Japanese,50.58,77,1,298.0,64460.12
134,16.95,1226.07,Indian,40.51,140,1,126.0,25670.18
189,36.19,1952.45,Indian,44.94,84,0,260.0,37743.76
232,33.2,2082.24,Italian,38.4,147,1,54.0,50026.32
281,39.69,1135.21,American,43.43,135,1,105.0,65360.09
275,45.18,1627.29,American,17.18,69,1,369.0,34749.61
99,46.49,58.28,American,27.38,100,0,383.0,18410.79
280,11.9,2747.42,Italian,11.13,113,0,100.0,13946.52
28,28.08,2597.51,Italian,41.37,100,0,317.0,5152.93
85,8.86,2661.68,Japanese,35.82,189,1,101.0,14986.16
40,40.46,2805.59,Mexican,47.03,82,1,3.0,13523.14
278,51.21,1356.28,American,48.0,49,0,94.0,68839.62
194,13.72,1742.99,American,21.25,61,1,180.0,26453.85
97,56.77,123.46,Mexican,12.58,167,0,377.0,7713.15
284,19.41,2378.42,Japanese,19.97,142,1,33.0,31477.37
159,51.56,2433.17,Japanese,59.41,122,0,136.0,54003.62
84,14.49,459.13,American,30.34,154,0,381.0,6012.24
30,10.16,425.63,Italian,24.09,44,1,281.0,500.0
140,50.33,1088.38,Japanese,35.41,92,1,100.0,32565.4
51,22.82,2667.11,American,24.49,186,0,476.0,10535.39
51,37.53,2025.44,Japanese,51.77,110,1,392.0,19435.09
285,42.63,1322.45,American,10.2,60,1,426.0,27732.12
241,18.41,1054.43,Mexican,44.61,22,1,318.0,58860.71
86,54.29,2576.14,Japanese,8.11,157,0,344.0,5572.63
223,32.72,330.03,Mexican,54.55,81,0,80.0,58519.73
141,27.41,1899.71,Italian,41.7,49,0,329.0,31800.7
211,14.14,252.16,Mexican,49.81,93,1,198.0,46070.94
101,33.38,1553.89,American,44.45,72,1,361.0,18308.51
153,57.06,2411.49,Japanese,58.01,198,1,41.0,46248.59
131,34.77,999.7,Indian,35.17,102,1,22.0,29940.62
186,34.37,2203.16,Indian,50.11,154,1,46.0,52356.39
70,49.88,2249.37,Mexican,39.05,164,1,126.0,10060.83
162,45.59,73.26,Mexican,56.19,117,0,219.0,42852.27
140,44.94,1057.53,Japanese,26.18,107,0,354.0,19286.26
229,42.22,2502.52,Mexican,14.53,44,1,452.0,24396.88
281,55.99,2489.08,Japanese,13.12,184,1,357.0,31717.16
144,57.68,2963.31,Indian,12.95,84,1,472.0,16336.19
144,40.23,1656.04,Italian,12.37,100,1,277.0,9449.25
42,23.32,1222.78,Mexican,28.76,25,1,407.0,12120.62
258,38.88,991.57,Italian,32.93,98,0,443.0,50201.43
245,30.57,2828.95,American,35.6,26,0,446.0,39450.16
71,43.82,2678.04,Mexican,39.94,36,0,8.0,14243.79
197,10.53,1848.97,Indian,15.04,66,0,363.0,20079.83
36,10.9,2662.74,Mexican,12.01,47,0,129.0,4256.3
135,16.84,1769.63,Italian,14.0,66,1,305.0,13532.15
167,33.1,2331.78,American,41.76,183,0,381.0,33023.61
294,25.17,1147.24,Italian,47.92,117,1,119.0,78371.21
230,16.55,1937.32,Italian,13.19,67,1,190.0,12875.99
20,46.96,1648.69,Indian,48.71,34,1,406.0,10331.47
32,24.16,1060.12,Indian,29.94,134,0,151.0,13309.57
65,57.14,2183.87,American,36.48,38,0,293.0,10275.12
297,26.85,54.47,Japanese,28.68,195,1,261.0,52817.97
292,28.86,1797.22,Mexican,41.14,99,0,231.0,62782.91
194,29.67,364.17,Indian,49.75,139,0,362.0,43930.22
291,44.76,2259.84,American,11.89,29,1,171.0,27617.7
270,52.44,2248.69,Japanese,35.25,100,0,292.0,59753.69
222,53.87,2603.94,Mexican,24.63,162,1,315.0,33699.67
109,37.04,745.38,Italian,22.92,67,1,185.0,13435.75
108,51.46,1953.75,Italian,14.71,44,1,418.0,500.0
52,22.34,995.58,American,34.32,57,1,37.0,1833.68
59,43.92,1533.22,Japanese,42.96,56,0,207.0,12139.34
196,51.72,779.11,Japanese,20.34,38,1,305.0,26986.97
142,54.75,130.02,American,30.28,159,0,171.0,27619.39
59,44.56,2352.18,American,9.14,56,0,418.0,9111.35
47,17.89,739.71,Italian,38.68,89,0,447.0,18355.67
261,52.63,2829.19,American,30.71,42,1,227.0,51928.43
260,41.11,1493.48,Japanese,17.99,21,0,5.0,42646.2
278,35.58,2171.22,Italian,18.62,164,1,437.0,36476.37
229,55.33,2555.59,Italian,46.3,131,1,428.0,66608.24
204,9.6,1621.22,Japanese,54.7,97,1,455.0,51002.1
149,9.43,1120.92,American,32.72,110,0,393.0,24823.97
262,19.09,2219.39,American,14.09,132,0,137.0,24700.85
50,23.35,912.38,Japanese,49.2,25,1,27.0,17429.53
235,39.92,1000.01,Mexican,20.85,185,1,467.0,29145.76
260,46.68,365.27,American,38.57,151,1,491.0,56819.65
120,23.85,2740.07,Indian,37.58,110,1,470.0,18641.2
100,46.03,56.93,Mexican,58.51,96,0,400.0,31097.63
89,39.19,2235.18,American,51.54,190,1,387.0,20067.25
200,12.95,655.85,Mexican,50.99,165,0,37.0,50715.84
187,46.14,2979.82,American,38.53,163,1,459.0,42398.63
257,54.2,1996.39,Mexican,53.88,127,1,47.0,79178.36
238,24.22,1308.17,Italian,9.33,88,1,408.0,18654.45
270,9.67,2371.59,Japanese,33.72,93,0,378.0,44544.28
147,8.05,901.65,Mexican,31.48,114,1,401.0,26994.18
97,59.69,2296.18,Italian,41.02,47,1,444.0,24578.64
108,21.38,2919.09,American,55.33,24,1,377.0,23013.35
141,31.87,2113.85,Japanese,37.46,22,1,397.0,35194.57
132,24.29,1992.28,Japanese,51.34,68,1,336.0,31873.85
149,10.06,1052.16,American,26.77,97,0,112.0,22891.34
222,45.06,2290.58,Mexican,23.68,94,1,355.0,35777.85
68,55.34,1516.51,Japanese,22.71,191,1,,12772.04
22,34.57,,Indian,38.55,63,0,95.0,5593.9
179,47.66,1922.22,Italian,51.64,36,0,406.0,48914.43
35,47.19,1295.44,Japanese,45.05,46,0,171.0,9969.93
193,56.7,2094.61,Japanese,25.58,153,0,494.0,31466.5
269,47.91,539.21,Italian,8.64,94,1,379.0,21472.27
104,56.27,542.33,American,18.87,169,0,200.0,14887.35
170,32.03,2955.15,Indian,49.8,115,0,128.0,44250.68
51,25.46,2718.37,Italian,31.53,119,0,100.0,6737.1
197,50.32,,Mexican,20.04,25,1,238.0,27953.85
258,20.28,1234.62,American,46.86,184,1,284.0,54793.3
299,24.98,481.39,American,37.68,168,0,429.0,51365.95
116,53.63,1293.35,Japanese,27.77,178,0,126.0,11837.73
27,9.46,348.32,American,15.04,198,0,290.0,1209.72
276,14.34,1672.26,Indian,55.04,37,1,249.0,76220.71
178,37.85,1824.2,Japanese,44.19,102,1,261.0,46149.99
270,46.32,1883.3,Mexican,58.63,150,1,213.0,78042.26
212,25.97,608.1,Italian,33.61,157,0,328.0,39593.47
252,18.88,2078.6,Indian,51.11,24,0,51.0,55089.49
278,19.53,207.15,American,13.72,140,1,486.0,20874.34
218,48.43,1267.55,Indian,35.16,20,0,414.0,40072.34
182,54.09,2804.94,American,46.2,164,1,221.0,54617.29
197,38.25,2981.4,Italian,47.66,73,0,319.0,48171.26
97,55.97,1876.7,American,52.51,118,0,274.0,36317.93
266,36.96,1733.38,Italian,13.54,22,0,285.0,28705.97
48,14.08,673.76,American,18.3,133,1,308.0,3995.35
210,28.48,511.96,Italian,55.23,26,0,470.0,57493.06
168,15.3,1705.97,Indian,26.45,59,1,269.0,29668.68
165,40.78,66.0,Japanese,27.5,102,1,153.0,23292.25
107,26.58,954.75,Mexican,36.97,107,0,275.0,17778.48
34,8.24,2788.32,American,9.18,25,1,416.0,2330.09
36,53.66,1795.76,American,57.19,79,1,423.0,10431.32
165,44.34,2102.65,Mexican,54.1,165,0,281.0,43832.68
155,25.2,1165.05,Italian,10.05,156,0,140.0,18230.25
262,8.17,2486.84,Mexican,11.57,147,1,437.0,17464.92
55,32.32,1802.44,Indian,52.72,90,1,246.0,14274.26
178,9.19,1631.6,Mexican,11.23,155,1,116.0,9380.13
93,56.81,2590.63,Indian,38.37,134,0,273.0,14358.33
205,38.71,409.27,Japanese,9.88,121,1,462.0,20616.45
65,35.26,2109.9,Japanese,20.79,190,1,340.0,6473.76
157,36.27,1827.93,American,44.79,130,1,124.0,53763.32
149,52.18,552.66,Indian,24.41,45,0,185.0,24587.01
36,20.46,620.45,Mexican,40.22,113,0,437.0,5044.18
163,53.59,2705.02,American,41.72,138,0,308.0,31425.12
126,27.94,1167.12,Japanese,50.71,27,0,426.0,29401.96
238,54.55,448.41,Mexican,45.25,96,0,467.0,59379.26
141,41.05,1958.64,American,37.08,29,1,263.0,26839.72
55,8.09,2703.34,Mexican,33.94,97,0,90.0,11817.67
39,51.69,2199.21,Japanese,17.28,23,0,422.0,8935.35
89,19.64,2046.27,Mexican,49.33,65,1,450.0,25299.28
86,37.72,1658.06,American,29.52,28,0,65.0,16170.27
252,26.28,1940.38,American,33.53,139,1,388.0,45339.02
51,38.45,1516.36,Italian,47.73,67,1,249.0,10739.3
31,21.83,2996.05,Italian,53.91,34,0,58.0,2824.4
234,48.05,1597.68,Italian,35.32,51,0,447.0,38309.19
41,46.45,1615.37,Japanese,21.21,166,1,52.0,4331.12
275,45.84,2851.79,Indian,17.08,68,0,441.0,34411.93
63,17.84,1938.21,American,16.58,52,0,453.0,6154.21
21,10.11,1113.45,American,47.94,180,1,319.0,729.24
162,17.88,1170.21,Japanese,21.18,55,1,264.0,23385.32
102,35.92,1196.44,Japanese,36.51,27,1,55.0,16585.88
183,26.18,,Italian,53.24,41,0,297.0,41354.45
158,38.06,2205.17,Japanese,35.33,122,1,95.0,27155.75
246,17.65,662.71,Italian,40.42,119,1,330.0,47478.09
142,8.99,1001.05,Japanese,46.47,44,0,6.0,29688.78
197,11.57,1927.5,American,53.99,62,0,269.0,42493.42
26,9.4,1765.73,Japanese,40.22,89,1,269.0,500.0
286,35.48,83.04,Mexican,13.92,23,1,443.0,29273.44
194,15.24,1520.1,Japanese,56.42,60,0,125.0,51434.22
137,52.08,2796.13,Mexican,56.72,20,1,456.0,44882.04
27,34.82,1400.07,Italian,37.43,52,1,123.0,9463.83
241,32.81,2689.7,American,59.66,36,0,114.0,68766.1
126,10.04,2037.62,Mexican,50.74,132,0,143.0,37061.84
193,54.18,2365.92,American,8.36,106,1,302.0,15518.92
64,26.76,2511.96,American,51.29,79,1,498.0,17184.18
220,58.41,1908.39,Japanese,26.92,30,0,229.0,42609.22
237,20.45,1342.07,Italian,37.78,123,0,495.0,45218.55
51,53.71,2211.37,American,41.78,93,0,44.0,10911.15
108,9.3,2624.37,Indian,38.25,77,0,179.0,19215.97
98,38.47,2705.08,Japanese,29.32,127,0,106.0,10943.48
77,19.75,175.96,American,38.29,74,1,187.0,18176.1
30,58.17,2399.74,Japanese,20.4,188,1,397.0,4458.85
94,43.22,2748.28,Mexican,19.64,78,0,350.0,13996.91
147,26.51,1575.2,Italian,17.18,93,0,372.0,20890.54
254,16.46,738.82,American,42.93,112,1,33.0,57635.69
69,57.3,2152.04,Japanese,8.93,120,0,179.0,7937.3
49,32.81,1085.48,American,8.13,94,1,262.0,5353.25
28,56.75,2753.37,Italian,57.56,50,0,295.0,9709.1
274,9.65,1895.17,Japanese,48.83,156,0,402.0,68448.18
132,45.06,673.07,Indian,31.02,169,1,,15963.7
269,40.22,2671.99,Japanese,18.39,60,0,222.0,28909.69
107,35.64,1420.04,Indian,44.08,89,1,145.0,21892.89
275,31.46,1655.8,Mexican,46.56,94,1,10.0,68641.87
82,58.94,1709.01,Mexican,21.03,120,1,162.0,11592.99
243,54.6,270.18,Italian,52.63,76,0,428.0,66948.01
250,18.25,,Mexican,19.45,99,0,410.0,34147.01
69,42.49,813.59,Italian,21.18,132,1,276.0,11161.18
81,56.91,2174.93,American,18.82,39,1,37.0,14917.5
132,28.39,2974.75,American,59.72,66,0,212.0,35636.34
217,34.75,381.09,Italian,16.18,100,0,350.0,18902.72
100,37.69,1002.96,American,33.92,91,1,96.0,14507.87
183,55.67,1229.26,Japanese,19.46,124,1,409.0,32312.63
46,20.96,1711.87,Indian,55.11,160,1,190.0,8297.45
293,45.64,2336.68,American,58.74,140,0,346.0,83279.24
105,24.08,2777.2,Indian,53.85,137,1,399.0,39670.26
216,35.29,503.87,Mexican,31.59,199,0,58.0,37535.38
230,43.08,1533.21,Indian,9.12,29,1,376.0,18794.68
245,28.97,2724.84,Indian,36.46,54,0,410.0,44121.7
23,17.84,128.0,Japanese,58.77,49,0,478.0,2148.14
211,20.89,1398.28,Indian,35.41,106,1,158.0,40601.52
279,42.79,441.12,American,28.68,190,0,425.0,49221.62
69,11.86,1988.49,Mexican,49.71,176,1,66.0,13079.92
154,14.49,1013.42,Italian,46.53,73,1,491.0,33978.71
106,17.92,522.58,American,29.37,26,0,166.0,22714.52
219,44.6,392.72,Japanese,41.87,101,0,58.0,46302.37
97,41.75,2593.5,Japanese,15.54,152,0,261.0,14218.08
122,49.88,1715.0,American,47.32,24,0,126.0,40378.58
216,57.11,1323.47,Japanese,55.63,38,1,483.0,63125.69
77,40.1,1023.97,Mexican,14.67,89,0,448.0,7871.67
228,49.47,1871.03,Japanese,26.66,122,1,432.0,34471.9
56,50.93,2725.29,Mexican,40.84,138,1,343.0,3719.01
95,37.41,2651.42,American,54.34,67,1,143.0,33217.51
231,28.16,720.36,Italian,22.83,135,0,85.0,31191.59
220,50.4,1778.76,American,17.46,102,1,9.0,25713.01
124,26.05,730.37,American,54.18,112,1,488.0,36605.08
151,40.41,794.8,Indian,15.7,194,1,443.0,14213.71
173,30.42,2752.88,Italian,53.23,102,1,499.0,41706.0
150,14.28,292.46,American,14.79,99,0,329.0,8915.17
181,13.22,1640.34,Indian,17.32,81,0,498.0,13090.75
125,13.46,2155.92,Indian,54.38,195,1,118.0,29081.5
127,20.23,2071.77,Indian,16.46,186,1,47.0,17142.39
242,11.65,552.9,American,18.58,135,0,228.0,18164.7
45,44.98,557.31,American,31.49,135,0,320.0,3293.9
264,23.38,1492.24,Mexican,32.28,97,0,398.0,43239.27
255,43.47,2436.48,Indian,33.38,62,1,40.0,51044.17
44,44.85,93.08,Japanese,38.63,47,1,498.0,18120.16
243,43.6,2737.97,Japanese,20.5,116,0,209.0,32154.85
81,48.16,1104.55,American,44.97,180,0,201.0,12991.74
94,34.9,905.34,Japanese,37.14,38,0,493.0,14828.36
78,44.5,2240.84,American,25.21,169,1,408.0,16930.66
259,53.64,1277.64,Italian,59.33,74,1,373.0,80420.43
51,13.65,619.92,American,25.17,24,1,396.0,9259.98
173,22.42,2204.04,Japanese,32.99,134,0,,37342.86
106,39.08,855.14,American,58.32,52,0,297.0,23749.66
115,56.53,2075.31,American,32.04,162,0,30.0,14492.75
114,15.6,2386.53,Mexican,36.98,98,0,94.0,19122.75
203,27.98,,Italian,35.21,91,1,371.0,38600.4
176,11.6,1909.13,Mexican,49.1,33,1,272.0,46451.96
56,56.57,2286.67,Japanese,20.93,31,1,495.0,1998.89
291,24.09,1224.66,Japanese,22.26,163,0,6.0,36850.76
228,36.9,242.34,Mexican,31.32,36,1,411.0,39466.21
193,12.88,400.6,Japanese,18.26,24,1,1.0,11245.85
41,49.64,1900.42,Japanese,25.26,22,1,26.0,6028.72
278,10.65,2804.74,Italian,13.41,196,0,452.0,21667.45
169,19.3,387.3,Mexican,25.76,96,1,15.0,31186.42
49,9.74,888.7,Mexican,35.2,42,0,344.0,5607.46
24,13.37,2268.83,Italian,43.11,22,0,1.0,8416.8
169,42.92,2386.87,American,8.47,165,0,259.0,6454.16
69,22.33,1514.11,American,47.65,90,1,249.0,21797.11
296,33.51,304.79,Japanese,51.27,118,1,102.0,79503.52
232,40.87,1899.73,Mexican,23.41,174,1,160.0,40488.48
67,33.13,1059.87,Italian,16.67,30,1,269.0,1602.34
28,26.51,494.44,Mexican,10.85,118,1,458.0,500.0
91,57.71,313.64,Indian,12.63,168,0,328.0,2103.2
42,49.79,986.49,American,41.6,86,1,394.0,18468.52
186,17.93,2350.86,American,31.98,52,0,432.0,26861.48
289,48.82,1260.77,Indian,18.46,128,1,35.0,28206.24
289,28.06,1465.32,Italian,25.99,154,1,260.0,38741.07
290,10.74,1734.5,Japanese,28.97,128,0,160.0,43310.82
100,28.06,1167.03,Japanese,10.27,36,0,395.0,10678.67
26,16.69,666.62,Mexican,50.24,162,0,284.0,8502.07
176,46.05,1274.65,Mexican,50.13,140,0,315.0,39019.7
58,29.27,1773.47,Italian,46.38,186,1,486.0,14099.17
82,49.47,437.26,Japanese,35.75,53,1,23.0,8397.04
152,58.15,349.21,Mexican,45.85,76,0,150.0,30521.38
123,32.09,383.38,Japanese,52.12,117,1,7.0,36192.08
76,22.64,2934.33,Indian,10.75,66,1,311.0,10079.97
62,39.45,1181.21,American,16.89,45,1,397.0,6348.19
215,35.22,584.68,Italian,39.77,47,0,268.0,35196.21
231,36.46,2430.34,American,20.73,117,1,352.0,25198.34
114,30.09,1423.99,Italian,47.54,80,1,335.0,26987.65
211,28.73,612.44,Mexican,34.8,171,1,62.0,46507.4
292,24.08,1894.62,Indian,52.62,95,0,6.0,69164.73
94,55.51,252.43,Japanese,20.98,126,0,469.0,7034.3
284,38.74,879.34,Mexican,24.17,55,1,98.0,35604.54
188,48.97,507.98,Mexican,51.26,126,0,475.0,45609.66
150,30.62,1053.7,Italian,59.09,43,1,32.0,42775.17
191,27.49,843.45,Italian,36.83,21,0,254.0,33949.55
51,15.71,2697.58,Mexican,54.9,68,0,85.0,22256.58
89,33.34,1215.93,American,28.4,68,0,467.0,11212.13
90,35.89,504.75,American,18.21,150,1,426.0,925.24
92,19.58,387.52,American,57.19,114,0,209.0,29015.56
187,20.6,795.46,Japanese,19.85,111,1,441.0,17836.45
167,27.99,1586.33,Italian,41.81,30,1,319.0,33443.5
251,52.29,176.02,American,28.98,188,0,210.0,39380.91
191,49.84,498.34,Mexican,14.44,30,1,227.0,22295.06
249,48.63,1689.56,Indian,53.98,58,0,263.0,68762.79
105,35.55,1660.8,Mexican,56.27,98,1,316.0,33198.77
196,54.02,2159.86,Mexican,8.37,163,1,266.0,15134.42
72,10.32,1597.17,Mexican,23.6,173,0,224.0,8689.53
181,16.71,1353.64,Italian,41.56,124,1,359.0,33177.97
241,31.76,2291.32,Mexican,34.62,78,1,71.0,40343.11
158,48.35,2453.16,Italian,36.35,153,0,359.0,28870.68
268,32.47,523.14,Italian,47.9,132,0,29.0,60409.13
167,59.73,467.09,Mexican,47.73,27,1,58.0,37333.28
109,57.59,2919.55,Italian,49.8,186,0,479.0,23813.46
169,54.9,716.26,Japanese,15.23,32,0,34.0,24716.91
232,50.59,1267.18,American,43.42,105,1,262.0,61894.76
258,22.66,196.4,Italian,57.36,44,0,126.0,76170.36
43,42.02,1237.74,Mexican,16.48,39,1,154.0,10417.05
23,10.61,1408.61,Italian,22.52,40,0,133.0,7037.18
125,50.6,1054.43,Indian,27.88,155,0,415.0,28790.06
298,24.82,2714.25,American,54.72,92,0,473.0,79722.57
113,18.17,2150.3,Japanese,22.57,63,1,,13127.32
46,36.54,2972.8,Japanese,43.53,90,1,312.0,10352.37
105,39.74,2244.13,Indian,38.81,99,0,0.0,22759.13
107,29.25,832.48,Mexican,26.27,176,1,464.0,18285.51
82,37.9,1122.75,Japanese,20.75,50,0,166.0,9926.08
294,51.46,1346.25,Italian,35.51,33,0,78.0,55946.06
244,24.23,2282.04,Japanese,50.01,124,0,80.0,57763.14
99,36.77,445.34,American,14.58,166,0,463.0,6040.75
126,36.87,2208.48,American,8.36,180,0,352.0,19184.7
291,24.26,500.65,Mexican,43.32,169,0,482.0,63024.99
221,33.42,2953.47,American,13.83,168,1,46.0,11185.96
55,22.25,1920.47,American,18.08,89,1,241.0,10113.39
164,29.42,2830.87,Japanese,54.83,88,1,85.0,42668.03
180,22.67,2391.87,Japanese,9.27,26,1,201.0,10950.43
160,24.19,1086.09,Japanese,41.81,101,1,271.0,35180.58
31,47.71,2522.44,Japanese,31.0,26,0,76.0,10268.39
211,59.29,1237.5,Mexican,59.05,62,1,149.0,68195.89
177,51.29,1730.29,Japanese,20.57,160,0,488.0,25532.14
183,49.31,960.69,Italian,50.97,126,1,166.0,50589.02
36,35.68,2161.63,Mexican,57.01,96,0,463.0,21521.35
169,47.98,671.6,Japanese,13.69,26,0,143.0,17053.52
182,59.74,1798.48,Indian,25.03,80,0,73.0,24747.34
72,22.56,2942.77,Italian,21.7,33,0,353.0,3013.41
222,53.02,1604.02,Italian,43.82,114,0,275.0,52158.34
111,19.36,2616.16,Japanese,15.92,118,1,75.0,8722.57
141,23.68,2963.13,Japanese,51.75,189,0,388.0,36140.41
201,36.61,,Indian,45.16,155,0,221.0,47713.18
293,29.07,2961.0,Indian,16.05,26,1,393.0,24329.32
42,37.08,2219.73,American,31.56,196,0,87.0,7639.5
111,59.75,2780.61,Japanese,46.95,132,0,26.0,25194.28
23,32.13,618.56,Italian,52.63,148,0,384.0,3471.91
225,32.18,2659.83,Mexican,15.31,93,1,352.0,18266.55
93,55.25,153.98,Mexican,12.62,142,0,281.0,8605.69
34,40.22,1305.71,Mexican,17.49,20,1,487.0,1498.29
97,25.59,2134.14,Japanese,31.89,113,0,301.0,13163.51
178,51.33,1148.14,Italian,32.78,72,0,122.0,31388.77
123,49.66,1262.26,American,49.07,105,1,368.0,27554.4
296,46.91,593.18,American,27.58,186,1,199.0,55481.54
252,23.02,2344.0,American,29.88,66,1,124.0,42937.15
244,17.11,406.47,American,15.05,183,0,138.0,17655.88
215,36.63,1433.73,Italian,39.42,160,0,237.0,44914.16
153,10.9,128.62,Mexican,51.6,174,1,228.0,34152.3
203,41.43,2351.91,American,33.03,131,1,132.0,38745.43
245,30.69,273.69,Italian,53.92,160,0,164.0,56367.3
156,44.94,2634.63,Japanese,52.94,99,0,464.0,42146.97
241,43.26,356.11,American,12.29,150,1,445.0,23266.43
289,23.8,2072.94,Mexican,20.57,156,0,12.0,29764.83
259,14.29,2670.43,Italian,38.01,149,1,58.0,52683.48
59,58.48,419.15,American,25.17,63,0,457.0,6065.12
255,8.77,993.31,Japanese,46.27,97,0,146.0,53936.28
122,28.24,125.4,American,48.48,81,0,364.0,31234.29
49,35.62,1472.69,American,41.04,140,0,396.0,13130.23
245,33.29,104.26,American,16.11,127,0,120.0,23576.08
32,47.7,2381.76,Italian,14.62,134,1,376.0,12038.22
77,56.47,455.61,Mexican,58.0,48,1,136.0,28272.66
188,49.1,1896.6,Japanese,20.7,54,0,153.0,28024.35
140,48.38,643.86,Italian,22.86,63,0,318.0,16658.97
85,27.8,2937.45,Mexican,54.52,107,0,310.0,22968.75
105,52.85,2246.03,Japanese,53.78,91,1,488.0,29520.57
239,46.47,268.33,Mexican,20.47,86,0,457.0,40120.51
61,24.55,1861.78,Italian,23.68,77,1,275.0,10486.36
240,12.58,2712.6,Italian,31.54,155,0,4.0,32042.31
117,27.89,424.97,Italian,54.24,111,0,179.0,34471.79
288,39.49,960.93,Italian,41.59,54,0,203.0,66382.15
154,17.15,1821.17,American,37.09,102,0,277.0,24586.19
143,48.61,1551.51,Italian,44.99,66,0,498.0,35126.51
74,47.59,1053.13,Italian,49.87,128,1,129.0,32064.22
257,40.53,2817.68,Japanese,25.69,90,1,73.0,40054.49
173,54.12,792.26,American,26.84,113,0,26.0,29266.93
234,19.06,1377.18,Mexican,30.99,51,1,271.0,52307.13
229,21.63,2547.25,American,25.14,151,1,295.0,31283.14
68,14.6,1067.43,Japanese,22.46,170,0,51.0,2646.83
186,35.33,2068.67,Indian,14.92,199,0,316.0,13696.01
202,24.41,1275.05,American,59.0,95,1,408.0,60607.17
241,20.39,2429.59,Italian,17.34,179,1,294.0,27829.73
116,11.67,1752.43,Mexican,51.53,112,0,259.0,23430.8
90,59.63,1163.97,American,59.52,148,1,216.0,20207.94
144,50.46,2433.43,Indian,44.71,47,0,334.0,37026.1
228,24.97,774.11,Japanese,30.56,94,1,458.0,37116.4
204,29.26,2814.35,Italian,21.59,57,1,493.0,24076.85
290,37.16,1674.06,Mexican,57.22,167,1,117.0,82072.83
21,10.7,396.52,Mexican,46.32,165,1,263.0,10404.74
50,27.54,185.0,Japanese,43.54,66,1,418.0,11491.42
229,37.89,2443.96,American,34.74,88,1,451.0,38598.67
79,57.99,2337.35,American,17.11,172,0,246.0,5388.75
135,58.13,2004.67,American,36.8,74,0,346.0,26169.51
103,47.41,2183.12,American,25.69,165,0,250.0,9066.58
126,10.64,1555.63,Italian,26.92,165,0,359.0,14162.29
176,39.39,224.27,Italian,45.49,122,1,159.0,48558.71
281,31.97,1439.07,Mexican,51.01,39,0,266.0,73379.85
168,41.72,2215.1,Italian,41.53,64,0,47.0,40797.29
60,28.55,1179.09,Japanese,12.24,35,0,304.0,10074.42
65,33.85,2102.82,American,24.34,33,1,395.0,10498.17
291,31.23,776.25,Italian,56.37,29,0,197.0,80180.62
73,15.0,982.91,Mexican,17.91,188,0,476.0,500.0
101,45.63,2163.24,Mexican,29.64,157,0,327.0,20804.25
285,8.38,906.78,Mexican,18.38,120,1,322.0,29805.56
141,33.01,2293.37,Indian,54.43,125,1,46.0,40986.94
58,51.2,2723.32,American,35.36,190,1,469.0,13762.05
276,48.88,1341.98,American,16.8,154,1,413.0,28004.83
156,25.04,2046.22,Indian,58.19,78,1,64.0,43634.59
145,35.44,988.65,American,23.03,193,1,487.0,13068.77
240,55.31,1483.77,Indian,48.66,136,0,350.0,59454.45
112,24.13,1127.62,Mexican,49.9,148,0,143.0,25480.19
244,38.2,1617.33,Italian,11.97,112,1,27.0,18551.17
229,56.57,2955.32,Indian,51.62,186,0,410.0,67551.82
245,57.59,2930.93,Italian,33.52,32,1,44.0,46179.4
155,43.36,1299.9,American,20.69,152,1,421.0,22465.75
152,58.99,2095.97,Japanese,12.73,156,1,133.0,17973.92
89,48.35,2472.14,Italian,24.09,125,0,497.0,12977.57
67,58.64,1424.69,Mexican,8.33,186,0,204.0,8689.75
249,42.91,2755.11,Italian,57.45,111,0,,72705.6
50,41.97,1026.93,American,37.88,31,1,458.0,9418.02
81,11.01,810.1,Italian,43.11,91,1,358.0,23851.92
20,33.46,1366.23,Mexican,28.38,63,0,106.0,2778.14
59,25.19,2193.56,Indian,43.91,42,0,305.0,16045.37
76,10.35,2749.5,Japanese,35.0,124,1,154.0,9156.37
87,41.03,1457.41,Japanese,24.45,119,1,343.0,9614.31
104,58.5,1736.42,Mexican,18.97,66,0,477.0,15074.05
152,37.73,1157.13,Indian,12.36,187,1,145.0,24566.6
26,26.44,573.45,Mexican,40.83,86,0,94.0,500.0
185,57.14,305.42,Japanese,14.37,132,1,93.0,16006.56
264,43.45,2261.54,Mexican,26.93,127,0,40.0,36653.56
154,16.15,477.99,Indian,11.15,32,0,139.0,7876.73
26,39.55,2374.95,Italian,21.98,199,0,363.0,4571.24
72,52.55,2886.82,Mexican,43.82,100,1,332.0,23304.45
194,48.43,1705.11,American,36.29,58,1,411.0,40148.88
68,33.83,1695.13,Japanese,39.85,144,0,176.0,17157.99
142,43.56,2053.54,Mexican,34.18,179,0,354.0,26752.67
163,53.93,1975.83,Japanese,58.35,98,1,93.0,49424.04
129,46.49,1351.99,Mexican,38.41,122,0,317.0,24611.96
255,37.45,2746.21,Indian,53.96,112,1,43.0,74399.11
99,58.83,1018.29,Mexican,41.98,66,0,450.0,24253.65
265,11.17,2481.73,Italian,49.94,144,0,419.0,66489.18
177,24.32,1747.3,Indian,9.13,33,1,165.0,12571.69
200,57.65,2986.96,Italian,22.63,116,1,381.0,30785.82
151,9.61,,Indian,17.28,45,0,150.0,7821.5
175,44.25,1943.37,American,45.91,92,0,54.0,37575.99
164,35.52,1962.37,Indian,24.25,133,0,357.0,24422.7
266,38.99,1894.14,Japanese,40.99,22,0,413.0,57926.07
207,11.78,535.38,Indian,20.42,111,1,345.0,30050.92
100,8.42,2025.99,Indian,26.64,27,0,425.0,10339.9
260,24.7,1666.97,Mexican,36.46,193,0,328.0,49727.21
97,28.8,2255.91,Indian,20.2,59,0,248.0,11209.13
270,40.8,2998.57,Italian,28.2,27,1,44.0,35368.08
38,36.24,2496.41,Japanese,10.3,84,0,288.0,500.0
285,11.12,2994.24,Japanese,41.56,184,0,474.0,56111.7
146,10.79,2160.09,American,18.74,76,1,423.0,13176.44
285,42.67,275.91,Japanese,32.01,185,1,98.0,49843.44
150,51.87,1765.37,American,21.31,93,0,118.0,25532.27
88,33.29,1979.01,Mexican,33.9,66,0,306.0,15021.18
278,20.33,2264.3,American,29.96,62,0,346.0,42444.93
214,28.71,1986.25,Mexican,58.06,103,1,47.0,66695.88
172,11.01,,Mexican,11.34,73,1,238.0,9285.69
273,45.39,1649.03,Japanese,23.56,161,0,6.0,41398.2
274,19.69,1023.6,Italian,53.68,49,0,203.0,63812.14
236,32.7,852.16,Indian,40.1,173,0,194.0,41695.11
194,23.07,509.49,American,48.18,29,1,477.0,52916.81
200,27.21,2768.15,Mexican,11.32,149,0,246.0,20930.88
142,34.45,2588.43,Indian,57.14,181,1,8.0,45602.31
222,17.9,2833.03,Mexican,45.8,68,1,0.0,47466.64
219,45.81,1546.71,Japanese,26.01,163,1,315.0,34111.41
39,13.58,1087.91,American,22.58,179,0,189.0,500.0
146,47.37,763.99,American,34.9,23,1,399.0,25621.52
150,10.4,1830.03,Indian,14.13,141,1,323.0,12673.42
221,33.16,2393.78,Italian,20.15,93,0,463.0,24059.98
233,38.76,971.95,Indian,54.44,84,0,347.0,68020.37
201,19.53,1518.9,Indian,47.44,45,0,223.0,37770.63
195,9.72,1648.55,Indian,12.8,89,1,400.0,11749.31
156,44.71,1588.04,Italian,21.56,62,1,30.0,16224.47
179,44.08,2620.51,Italian,9.26,172,0,305.0,8447.86
105,9.55,931.09,Japanese,53.43,130,1,367.0,36652.96
236,16.92,1329.48,Indian,34.31,44,1,193.0,48780.01
87,15.58,1291.63,Indian,12.7,35,1,278.0,8985.36
74,26.0,2606.97,Italian,22.49,131,0,333.0,12157.42
42,16.31,2032.34,American,55.45,34,0,368.0,14079.4
183,30.48,1325.53,American,53.51,48,0,181.0,47212.99
284,45.69,1377.47,Italian,59.33,94,0,490.0,69571.94
42,50.24,2982.99,Japanese,19.76,186,0,434.0,500.0
191,51.57,1496.85,American,11.05,23,1,399.0,21016.43
193,20.56,1572.32,Mexican,26.54,102,1,346.0,15893.88
190,33.66,370.24,Mexican,38.05,74,0,,42989.06
280,51.22,1727.81,Japanese,11.1,183,0,417.0,29833.75
270,55.4,1574.21,Indian,52.38,187,0,209.0,74897.54
100,45.65,2835.8,Mexican,19.17,156,0,23.0,14046.08
150,32.87,434.28,Japanese,29.11,159,1,9.0,28055.82
89,16.45,2754.08,Italian,18.01,164,0,318.0,6190.05
195,49.13,2585.67,Mexican,19.2,94,0,172.0,32862.83
75,22.85,275.0,Japanese,17.05,172,0,394.0,6675.26
113,16.59,84.78,Mexican,15.58,67,0,131.0,5109.05
172,17.5,2352.16,Mexican,39.02,118,0,243.0,40489.65
232,44.4,334.63,Japanese,16.95,70,0,377.0,26792.29
81,55.9,795.19,Italian,58.06,45,0,227.0,26058.07
143,14.98,883.78,Mexican,23.32,48,0,176.0,22081.58
108,58.96,2259.83,Mexican,9.35,190,1,474.0,20903.42
89,48.14,2243.9,Japanese,14.53,192,0,269.0,9846.51
125,26.17,2369.86,Italian,14.18,179,0,412.0,11733.26
88,11.42,1231.99,American,20.82,67,0,14.0,2361.72
168,29.55,1364.62,American,35.15,187,0,373.0,30092.9
211,36.19,2662.77,Indian,47.58,176,1,278.0,61321.14
179,26.2,1393.71,Indian,33.18,49,1,136.0,28325.41
258,50.27,1164.2,Indian,33.05,31,0,57.0,43257.65
52,27.62,2269.89,Italian,53.55,77,1,29.0,6713.15
113,35.63,999.32,Mexican,26.75,135,0,72.0,10591.86
222,38.03,335.19,Japanese,23.65,153,1,402.0,26012.71
139,48.84,1540.1,Indian,41.12,69,1,42.0,32488.76
171,12.96,894.83,American,48.71,80,1,392.0,42358.75
105,51.45,606.0,Indian,20.85,123,1,84.0,5497.11
186,38.53,457.0,Italian,25.64,119,1,471.0,30799.46
284,51.25,1453.42,Japanese,14.73,106,0,263.0,36643.63
30,33.96,704.01,American,41.48,90,0,39.0,10261.16
50,37.25,2290.96,American,35.92,121,0,280.0,6220.94
75,56.49,639.53,Japanese,30.62,48,1,478.0,19053.26
148,40.37,562.63,Japanese,33.77,95,1,333.0,26589.7
185,41.56,2217.5,Italian,29.25,151,1,162.0,26765.3
120,51.55,223.11,Japanese,40.6,91,0,143.0,20023.25
233,55.23,172.97,Italian,29.58,176,0,298.0,33653.71
181,20.67,2692.15,Mexican,39.01,77,1,238.0,34869.17
107,42.43,2088.78,Indian,59.26,155,1,369.0,36758.86
281,14.26,2721.91,Indian,32.36,42,0,319.0,34750.66
295,11.4,1276.89,Indian,53.0,182,0,494.0,61482.78
124,41.14,866.05,American,53.43,99,1,3.0,40418.88
278,33.49,2986.77,Italian,33.7,61,1,291.0,47384.89
281,53.83,1194.55,Japanese,40.39,93,0,112.0,72049.26
159,27.18,1493.45,American,20.37,167,1,113.0,20601.11
81,52.43,962.11,Mexican,36.66,157,1,418.0,11271.88
67,47.68,1984.69,Japanese,48.73,163,0,190.0,21852.22
58,24.92,1033.38,Indian,10.27,20,1,368.0,9505.43
117,22.47,2735.27,Mexican,29.74,89,0,277.0,9764.23
194,44.89,2072.39,Japanese,53.58,26,1,41.0,54765.67
40,48.34,2096.38,American,58.59,175,0,197.0,18460.62
204,37.97,1435.48,Mexican,50.3,20,0,221.0,43717.83
88,15.12,168.71,American,51.24,55,1,361.0,24444.93
81,49.53,2321.71,American,23.84,34,0,,13742.55
282,40.67,820.3,Mexican,48.83,95,1,436.0,83014.2
171,41.4,2565.08,Mexican,10.27,120,1,240.0,20620.96
227,35.8,310.75,Italian,14.08,196,1,163.0,20001.38
196,28.94,1414.89,American,58.4,124,0,136.0,47341.3
113,50.32,476.18,Japanese,18.93,150,0,474.0,13223.99
184,35.39,389.86,Italian,16.93,28,1,21.0,20480.8
155,46.91,675.3,Italian,9.25,142,1,332.0,13128.31
67,34.86,1072.95,Mexican,51.45,33,0,264.0,15207.24
129,15.14,2136.5,Japanese,53.65,166,0,248.0,27823.93
272,14.27,470.56,Italian,17.88,70,1,343.0,32396.35
146,9.61,556.13,Japanese,30.97,126,0,316.0,19691.8
89,23.78,1109.71,Italian,52.25,63,0,172.0,18798.05
132,14.79,2966.29,American,18.79,194,0,251.0,13736.63
236,50.02,455.41,Italian,12.36,105,1,60.0,24055.34
81,34.18,590.59,American,38.3,196,1,211.0,16853.18
262,37.73,420.81,Italian,13.67,168,0,249.0,29574.65
190,31.88,2690.28,Italian,8.34,73,0,111.0,7535.15
202,42.41,941.96,Indian,48.45,39,0,458.0,51072.82
109,35.25,2106.44,Japanese,46.21,159,0,486.0,30768.83
140,56.58,2469.87,Mexican,13.48,120,0,179.0,12874.84
42,51.77,2274.66,Italian,55.23,118,1,,14147.33
292,17.65,1915.36,Mexican,30.35,183,1,471.0,49239.98
228,53.43,2263.6,Japanese,49.1,46,1,383.0,65359.36
96,32.41,1648.47,Mexican,21.09,92,1,449.0,12839.33
275,58.35,872.85,American,47.53,143,1,381.0,68322.51
46,39.1,809.53,Mexican,23.66,185,1,331.0,2935.05
264,8.0,2347.79,Mexican,25.78,94,0,60.0,31485.93
185,8.47,418.02,American,45.34,59,0,461.0,36566.69
234,22.02,2827.88,American,50.02,129,1,459.0,57849.25
213,50.81,58.64,Indian,54.46,194,1,226.0,60573.79
179,36.78,2665.26,Indian,42.38,176,1,362.0,33295.65
61,12.26,1213.42,Japanese,34.1,121,0,157.0,13267.31
66,33.58,2737.93,Japanese,50.03,108,1,127.0,13076.4
240,19.04,2219.62,Mexican,22.5,31,0,19.0,34670.16
272,10.81,1866.91,Italian,21.05,78,0,70.0,40626.64
280,26.64,1628.74,Indian,39.1,79,0,478.0,57788.3
196,17.55,177.27,Mexican,52.96,63,1,18.0,53392.97
111,17.4,1703.29,Italian,46.31,63,1,142.0,23134.12
197,35.32,2499.22,Italian,39.5,55,1,58.0,37737.77
238,46.77,2671.23,Italian,34.38,97,1,37.0,45612.99
157,59.66,92.34,American,23.59,71,0,104.0,28341.79
46,44.49,2825.1,American,20.6,48,1,357.0,6917.34
262,15.49,2220.01,Mexican,16.49,140,1,370.0,16533.34
88,39.94,339.03,Mexican,57.09,51,0,300.0,28787.26
291,17.94,952.49,American,31.75,159,0,279.0,42059.66
130,25.37,1492.99,Italian,24.71,166,0,273.0,21149.9
44,41.28,387.88,Italian,36.0,87,0,50.0,8774.54
269,51.08,489.12,Mexican,48.12,110,0,,63731.9
21,26.58,610.39,Japanese,25.1,76,1,448.0,1917.44
39,19.81,407.89,American,38.67,170,1,398.0,11668.94
102,13.66,403.24,Mexican,23.31,34,0,101.0,9046.66
108,37.55,1226.26,American,50.07,125,0,364.0,33400.81
265,58.27,2748.07,Japanese,54.05,68,1,223.0,76227.24
276,36.24,2132.15,Mexican,10.96,122,0,192.0,28371.12
204,9.68,371.08,Mexican,52.59,54,1,467.0,46010.38
227,24.03,1627.92,American,16.74,89,1,316.0,17532.22
146,45.37,581.63,Indian,15.31,137,0,143.0,18260.66
222,57.21,1772.85,Mexican,11.43,100,0,3.0,28488.43
235,15.63,2501.32,Italian,42.54,148,1,73.0,48625.63
54,52.83,2588.12,American,35.31,190,1,161.0,15308.82
296,48.39,2868.0,Italian,30.5,134,0,116.0,46655.89
72,30.24,1721.06,Indian,20.59,46,1,33.0,4408.61
289,56.68,1194.59,Japanese,11.34,25,0,399.0,28462.88
110,35.68,2845.75,Indian,8.09,34,1,499.0,18443.98
35,25.74,1540.17,American,38.53,176,1,295.0,6267.66
255,29.8,839.86,Mexican,35.73,165,1,24.0,41203.11
234,20.71,410.05,Mexican,28.2,177,1,317.0,23563.76
149,30.15,2346.0,Indian,54.29,187,1,105.0,41363.8
233,41.48,1164.49,American,26.38,141,0,335.0,37544.2
248,27.62,2251.79,Italian,41.32,128,1,69.0,51937.04
162,14.87,2600.28,American,10.26,170,0,192.0,10273.9
28,55.88,1808.07,Japanese,43.82,75,1,350.0,4358.74
112,45.77,1273.24,Italian,55.95,50,1,95.0,39603.79
39,17.19,1319.26,Indian,53.65,151,1,430.0,13441.29
151,50.98,333.18,Japanese,38.76,116,0,,25824.42
93,57.43,2441.83,American,42.03,108,0,337.0,18709.77
171,22.63,1571.28,American,14.62,194,0,227.0,19882.17
191,36.0,1483.45,Japanese,53.14,122,0,221.0,49793.19
85,56.54,959.72,American,18.23,73,0,57.0,500.0
43,25.32,422.65,American,41.14,153,0,105.0,6665.54
239,26.89,2124.55,Italian,30.19,100,0,39.0,34180.51
258,17.63,329.14,American,52.03,43,1,32.0,53140.17
79,31.91,294.33,Japanese,9.96,113,1,252.0,8492.87
230,54.97,2290.78,Italian,38.54,80,1,277.0,58443.97
179,58.26,640.06,Mexican,32.74,86,1,84.0,33106.5
104,16.26,407.38,Japanese,24.64,145,0,377.0,8949.58
279,56.3,1169.0,American,37.19,59,0,196.0,56250.94
200,18.19,1677.32,Italian,41.11,159,1,13.0,39082.74
59,53.67,2042.75,Mexican,44.9,132,0,231.0,13890.19
110,49.38,1671.09,American,10.12,53,0,308.0,11808.94
74,9.59,1658.3,Mexican,52.76,159,0,194.0,10146.29
138,27.37,1355.8,Mexican,42.34,83,0,88.0,26639.99
46,23.09,2501.56,Italian,9.77,26,0,117.0,11996.67
79,52.16,1213.6,Mexican,42.16,143,1,420.0,18557.11
236,20.46,242.88,Japanese,34.84,178,0,329.0,40299.3
239,31.96,1532.29,Mexican,23.4,179,0,386.0,32164.97
37,45.38,768.31,Italian,49.09,108,1,452.0,6468.01
95,59.96,245.96,Indian,53.03,98,0,371.0,19997.05
246,26.89,472.59,Italian,58.4,47,1,343.0,83144.07
75,25.29,1007.64,Mexican,53.38,184,1,497.0,20711.85
218,35.73,2847.6,Italian,28.97,124,1,258.0,31238.59
93,55.92,1689.08,Japanese,24.1,24,0,231.0,18507.62
140,59.66,2511.89,Indian,18.97,65,0,418.0,16775.8
286,22.88,2453.4,Indian,42.26,116,0,127.0,53035.35
97,32.43,1235.54,Indian,25.46,182,1,49.0,11608.6
274,42.52,1447.29,American,22.54,74,0,394.0,29695.21
183,17.8,2126.22,Japanese,56.06,161,0,309.0,42579.26
153,16.79,412.7,Japanese,10.26,55,0,225.0,13464.97
152,25.29,1235.1,Italian,26.19,49,0,336.0,21150.86
159,48.55,1731.71,Indian,30.62,87,1,426.0,28018.12
70,9.37,721.76,Japanese,18.7,111,1,239.0,13221.92
68,57.63,228.38,American,23.32,138,0,395.0,13387.89
294,30.84,211.77,Mexican,28.44,179,0,104.0,41200.0
157,41.04,2625.51,Mexican,46.96,78,0,428.0,30356.56
152,30.5,809.18,Japanese,11.83,55,0,280.0,9414.39
47,27.82,560.46,Japanese,13.86,128,1,288.0,10592.2
209,16.09,2428.82,American,29.1,140,0,3.0,24232.57
173,49.17,1258.12,Mexican,49.09,124,1,237.0,56580.32
150,53.39,1064.8,American,9.75,69,0,89.0,11489.54
36,11.83,338.73,Italian,25.47,172,0,104.0,500.0
85,49.02,788.41,Mexican,19.4,87,1,436.0,9206.64
238,11.53,1508.68,Indian,33.97,134,1,353.0,46963.09
87,32.02,2877.64,Italian,27.89,199,1,463.0,11245.56
206,24.78,335.81,Japanese,22.19,142,1,171.0,27776.3
181,12.89,2894.85,Mexican,11.19,172,0,293.0,14396.41
206,38.01,2958.98,American,16.37,54,1,459.0,19673.19
83,37.7,868.97,Indian,40.01,88,1,478.0,23435.69
133,38.5,1960.73,Mexican,39.17,71,0,311.0,33515.13
162,31.76,2294.56,Japanese,43.83,118,1,128.0,41298.17
263,59.25,1249.69,Mexican,11.66,144,0,167.0,17404.23
213,23.74,1458.39,Mexican,8.45,82,0,459.0,13696.12
184,39.88,991.37,Japanese,40.22,60,1,374.0,44395.61
296,11.98,1973.57,Mexican,17.23,117,1,472.0,31276.14
41,10.55,1479.05,American,46.98,192,0,393.0,17536.94
137,59.53,587.11,Japanese,38.01,144,1,74.0,32421.96
138,39.28,1771.62,Japanese,21.76,80,0,126.0,17958.77
290,16.33,2793.63,Japanese,30.43,131,1,173.0,35685.7
73,24.88,650.13,Japanese,30.16,143,1,411.0,6890.43
287,55.86,2396.3,Italian,20.7,159,1,402.0,46400.62
197,21.34,1623.89,Indian,52.33,32,1,317.0,46256.22
85,49.07,2448.97,Italian,8.1,52,0,116.0,5475.99
156,43.01,1723.92,Japanese,20.7,197,1,15.0,12736.82
134,13.7,347.01,Italian,18.42,199,0,287.0,11058.47
119,8.13,,Mexican,55.51,116,1,171.0,25784.7
109,58.52,2396.48,Italian,49.7,160,0,414.0,31262.94
94,29.31,1553.12,Mexican,49.31,99,1,111.0,23440.39
108,36.48,1816.66,Mexican,50.93,198,0,116.0,28544.87
116,11.82,947.02,Italian,16.59,153,0,282.0,2480.32
280,55.88,1929.39,Mexican,53.22,39,1,189.0,80934.97
44,8.13,116.26,American,28.43,190,0,129.0,9458.87
135,24.16,487.15,Mexican,21.24,43,1,290.0,1091.46
122,27.23,905.49,Japanese,17.38,95,1,449.0,10348.62
81,49.92,1439.4,American,22.65,180,0,71.0,10496.01
45,50.87,811.68,Japanese,36.03,53,0,255.0,13181.95
52,53.99,1269.92,American,44.6,47,1,41.0,12865.27
60,54.52,2593.34,Indian,50.13,41,1,35.0,13174.72
30,33.96,704.01,American,41.48,90,0,39.0,10261.16
275,54.39,525.51,Indian,13.76,41,1,27.0,35655.23
137,52.08,2796.13,Mexican,56.72,20,1,456.0,44882.04
211,36.19,2662.77,Indian,47.58,176,1,278.0,61321.14
261,9.13,1295.46,Italian,38.24,176,0,176.0,43231.46
183,49.31,960.69,Italian,50.97,126,1,166.0,50589.02
